{
    "0": {
        "id": 0,
        "min_latitude": 36.06749651,
        "max_latitude": 36.06755471,
        "min_longitude": 24.87328524,
        "max_longitude": 24.873366
    },
    "1": {
        "id": 1,
        "min_latitude": 36.04802098,
        "max_latitude": 36.04808486,
        "min_longitude": 24.87956497,
        "max_longitude": 24.87957691
    },
    "2": {
        "id": 2,
        "min_latitude": 36.05402149,
        "max_latitude": 36.05591615,
        "min_longitude": 24.90111033,
        "max_longitude": 24.9025875
    },
    "3": {
        "id": 3,
        "min_latitude": 36.07621906,
        "max_latitude": 36.07627451,
        "min_longitude": 24.87463719,
        "max_longitude": 24.87471138
    },
    "4": {
        "id": 4,
        "min_latitude": 36.05970718,
        "max_latitude": 36.05981728,
        "min_longitude": 24.85797476,
        "max_longitude": 24.85808225
    },
    "5": {
        "id": 5,
        "min_latitude": 36.07660977,
        "max_latitude": 36.07669916,
        "min_longitude": 24.85756408,
        "max_longitude": 24.85769227
    },
    "6": {
        "id": 6,
        "min_latitude": 36.06337955,
        "max_latitude": 36.06349309,
        "min_longitude": 24.85096416,
        "max_longitude": 24.85103902
    },
    "7": {
        "id": 7,
        "min_latitude": 36.05292229,
        "max_latitude": 36.0529704,
        "min_longitude": 24.84936527,
        "max_longitude": 24.84941679
    },
    "8": {
        "id": 8,
        "min_latitude": 36.08951424,
        "max_latitude": 36.08962196,
        "min_longitude": 24.86064573,
        "max_longitude": 24.86076496
    },
    "9": {
        "id": 9,
        "min_latitude": 36.0603296,
        "max_latitude": 36.06043016,
        "min_longitude": 24.85648014,
        "max_longitude": 24.85657552
    },
    "10": {
        "id": 10,
        "min_latitude": 36.06582037,
        "max_latitude": 36.06586962,
        "min_longitude": 24.85236427,
        "max_longitude": 24.85241027
    },
    "11": {
        "id": 11,
        "min_latitude": 36.07332038,
        "max_latitude": 36.0734008,
        "min_longitude": 24.86416419,
        "max_longitude": 24.86422942
    },
    "12": {
        "id": 12,
        "min_latitude": 36.07817957,
        "max_latitude": 36.07821967,
        "min_longitude": 24.8720648,
        "max_longitude": 24.8721508
    },
    "13": {
        "id": 13,
        "min_latitude": 36.05192026,
        "max_latitude": 36.05197804,
        "min_longitude": 24.87076418,
        "max_longitude": 24.8708547
    },
    "14": {
        "id": 14,
        "min_latitude": 36.06582196,
        "max_latitude": 36.06589457,
        "min_longitude": 24.84977038,
        "max_longitude": 24.84983936
    },
    "15": {
        "id": 15,
        "min_latitude": 36.054422,
        "max_latitude": 36.05453641,
        "min_longitude": 24.89986513,
        "max_longitude": 24.89998627
    },
    "16": {
        "id": 16,
        "min_latitude": 36.07522123,
        "max_latitude": 36.07530344,
        "min_longitude": 24.85626448,
        "max_longitude": 24.85641875
    },
    "17": {
        "id": 17,
        "min_latitude": 36.06319689,
        "max_latitude": 36.06330782,
        "min_longitude": 24.85226413,
        "max_longitude": 24.8523291
    },
    "18": {
        "id": 18,
        "min_latitude": 36.08172086,
        "max_latitude": 36.08182801,
        "min_longitude": 24.85086542,
        "max_longitude": 24.85096705
    },
    "19": {
        "id": 19,
        "min_latitude": 36.08782311,
        "max_latitude": 36.08793202,
        "min_longitude": 24.85626317,
        "max_longitude": 24.8563725
    },
    "20": {
        "id": 20,
        "min_latitude": 36.08542073,
        "max_latitude": 36.08551128,
        "min_longitude": 24.86036422,
        "max_longitude": 24.86045943
    },
    "21": {
        "id": 21,
        "min_latitude": 36.07678178,
        "max_latitude": 36.07685769,
        "min_longitude": 24.86585799,
        "max_longitude": 24.8659217
    },
    "22": {
        "id": 22,
        "min_latitude": 36.05282139,
        "max_latitude": 36.05288367,
        "min_longitude": 24.86856833,
        "max_longitude": 24.8686314
    },
    "23": {
        "id": 23,
        "min_latitude": 36.08442031,
        "max_latitude": 36.08449538,
        "min_longitude": 24.86416741,
        "max_longitude": 24.86424047
    },
    "24": {
        "id": 24,
        "min_latitude": 36.07062423,
        "max_latitude": 36.07074329,
        "min_longitude": 24.89517128,
        "max_longitude": 24.89528259
    },
    "25": {
        "id": 25,
        "min_latitude": 36.08412021,
        "max_latitude": 36.08420924,
        "min_longitude": 24.85896462,
        "max_longitude": 24.85905306
    },
    "26": {
        "id": 26,
        "min_latitude": 36.0721146,
        "max_latitude": 36.07222342,
        "min_longitude": 24.87458425,
        "max_longitude": 24.87463899
    },
    "27": {
        "id": 27,
        "min_latitude": 36.06764665,
        "max_latitude": 36.06776326,
        "min_longitude": 24.90243213,
        "max_longitude": 24.90255423
    },
    "28": {
        "id": 28,
        "min_latitude": 36.05852647,
        "max_latitude": 36.05859887,
        "min_longitude": 24.85788532,
        "max_longitude": 24.85799357
    },
    "29": {
        "id": 29,
        "min_latitude": 36.07712237,
        "max_latitude": 36.07717359,
        "min_longitude": 24.87616512,
        "max_longitude": 24.87621582
    },
    "30": {
        "id": 30,
        "min_latitude": 36.06238357,
        "max_latitude": 36.06253955,
        "min_longitude": 24.89876082,
        "max_longitude": 24.89888179
    },
    "31": {
        "id": 31,
        "min_latitude": 36.06362146,
        "max_latitude": 36.06371539,
        "min_longitude": 24.88586563,
        "max_longitude": 24.88596752
    },
    "32": {
        "id": 32,
        "min_latitude": 36.06770151,
        "max_latitude": 36.06785144,
        "min_longitude": 24.89906735,
        "max_longitude": 24.89918987
    },
    "33": {
        "id": 33,
        "min_latitude": 36.06331951,
        "max_latitude": 36.06343537,
        "min_longitude": 24.89606524,
        "max_longitude": 24.89621309
    },
    "34": {
        "id": 34,
        "min_latitude": 36.06582169,
        "max_latitude": 36.06594383,
        "min_longitude": 24.90096591,
        "max_longitude": 24.90111713
    },
    "35": {
        "id": 35,
        "min_latitude": 36.05462322,
        "max_latitude": 36.05469486,
        "min_longitude": 24.88976575,
        "max_longitude": 24.88983886
    },
    "36": {
        "id": 36,
        "min_latitude": 36.0603222,
        "max_latitude": 36.06044736,
        "min_longitude": 24.90555346,
        "max_longitude": 24.90569385
    },
    "37": {
        "id": 37,
        "min_latitude": 36.05942407,
        "max_latitude": 36.05952152,
        "min_longitude": 24.89476544,
        "max_longitude": 24.89486921
    },
    "38": {
        "id": 38,
        "min_latitude": 36.08662294,
        "max_latitude": 36.08672657,
        "min_longitude": 24.85756336,
        "max_longitude": 24.85767289
    },
    "39": {
        "id": 39,
        "min_latitude": 36.07212045,
        "max_latitude": 36.07219229,
        "min_longitude": 24.84130258,
        "max_longitude": 24.84134818
    },
    "40": {
        "id": 40,
        "min_latitude": 36.07292088,
        "max_latitude": 36.07301365,
        "min_longitude": 24.88396442,
        "max_longitude": 24.88405897
    },
    "41": {
        "id": 41,
        "min_latitude": 36.06641461,
        "max_latitude": 36.06650723,
        "min_longitude": 24.88256778,
        "max_longitude": 24.88265687
    },
    "42": {
        "id": 42,
        "min_latitude": 36.06773925,
        "max_latitude": 36.06776587,
        "min_longitude": 24.87148791,
        "max_longitude": 24.8715097
    },
    "43": {
        "id": 43,